measurement,stage,alloc_calls_per_tx,free_calls_per_tx,alloc_bytes_per_tx,free_bytes_per_tx,alloc_le_16_per_tx,alloc_le_32_per_tx,alloc_le_64_per_tx,alloc_le_128_per_tx,alloc_le_256_per_tx,alloc_le_1024_per_tx,alloc_le_4096_per_tx,alloc_gt_4096_per_tx
g0,admission,70.172236,53.126373,4866.254086,3874.363129,32.000000,10.867404,21.132596,0.000183,0.022980,6.126775,0.018974,0.003325
g0,catalog_publication,36.965390,82.983048,4697.782985,42019.834742,0.000000,2.381738,15.182076,15.136213,1.273668,2.947317,0.000999,0.043379
g0,dirty_tracking,0.103685,47.079792,426.257739,67999.884612,0.000000,0.000000,0.000000,0.000000,0.000024,0.000000,0.000000,0.103661
g0,harness,166.059028,166.083786,7980.202572,8193.029715,128.005797,0.000073,32.005066,1.022968,1.000049,1.004043,3.020995,0.000037
g0,job_result_collection,7.037984,1.624522,6052.957303,4572.201476,0.000000,0.000000,0.000037,3.972526,0.993302,0.005224,2.023406,0.043488
g0,leaf_job_construction,15.702511,8.362252,2926.914436,6566.005699,15.145761,0.033076,0.069452,0.046557,0.027145,0.118944,0.106912,0.154663
g0,leaf_lane_execution,92.487298,16.827143,103490.435017,5016.597292,0.000000,4.894963,10.233919,30.266434,0.844180,15.009487,15.258640,15.979675
g0,other_storage,1.674891,98.425031,1189.278613,9236.589498,0.000000,0.000000,0.000000,1.296612,0.137906,0.003958,0.110785,0.125630
g0,packed_leaf_mutation_cow,0.470407,0.110895,719.638490,5.425396,0.000000,0.037070,0.183903,0.013920,0.007063,0.102687,0.118750,0.007015
g0,page_delta_generation,32.174928,16.087464,2745.045412,1032.103466,0.000000,0.000000,16.185011,15.971613,0.017086,0.000012,0.001206,0.000000
g0,planner,103.457559,34.114658,9765.820067,3991.727610,0.000183,12.983218,52.268602,33.045656,0.001254,5.027681,0.019656,0.111309
g0,state_install,0.000024,1.410990,0.004676,284.110383,0.000000,0.000000,0.000000,0.000000,0.000024,0.000000,0.000000,0.000000
g0,wal_append,0.388411,0.496200,3889.462796,4414.368208,0.000000,0.000365,0.000037,0.153214,0.023187,0.055557,0.065714,0.090338
g0,wal_preparation,1.053012,1.016051,1225.434847,1182.574043,0.000183,0.000000,0.000317,0.000097,0.012434,0.006406,1.033575,0.000000
g1c,harness,166.056051,166.078350,7980.012811,8188.621487,128.004278,0.000069,32.004980,1.022460,1.000196,1.003473,3.020562,0.000035
g1c,admission,35.221123,35.198698,4352.534247,4272.534247,32.000000,0.000000,0.000000,0.000403,0.022494,3.045333,0.063388,0.089505
g1c,catalog_publication,36.734544,82.656297,4644.234785,41886.578373,0.000000,2.305603,15.150409,15.105559,1.271379,2.858664,0.000817,0.042113
g1c,dirty_tracking,0.086090,47.055741,354.000092,67875.047208,0.000000,0.000000,0.000000,0.000000,0.000000,0.000000,0.000000,0.086090
g1c,job_result_collection,7.040089,1.496895,6045.504577,4360.431966,0.000000,0.000000,0.000035,3.977563,0.994514,0.003381,2.022253,0.042343
g1c,leaf_job_construction,15.646982,8.221917,2909.616818,6539.515019,15.109021,0.034558,0.067356,0.044482,0.025507,0.118106,0.054165,0.193788
g1c,leaf_lane_execution,92.344358,16.855030,103392.301796,5143.568920,0.000000,4.881308,10.213165,30.200837,0.872752,14.976114,15.223573,15.976609
g1c,other_storage,1.669316,81.471744,1198.192557,8180.251369,0.000000,0.000000,0.000000,1.293930,0.138932,0.004623,0.063124,0.168706
g1c,packed_leaf_mutation_cow,0.389887,0.091219,594.941373,4.482359,0.000000,0.030383,0.152100,0.011431,0.006061,0.085181,0.098958,0.005773
g1c,page_delta_generation,32.130572,16.065286,2740.827947,1030.352454,0.000000,0.000000,16.159770,15.953344,0.016606,0.000000,0.000851,0.000000
g1c,planner,102.404308,33.067275,9616.899190,3748.018400,0.000000,12.005670,52.242318,33.044195,0.000403,5.001875,0.002576,0.107273
g1c,wal_append,0.360470,0.449147,3812.140807,4324.026623,0.000000,0.000805,0.000035,0.133125,0.022621,0.052613,0.064469,0.086803
g1c,wal_preparation,1.051049,1.016767,1226.485901,1184.051566,0.000403,0.000012,0.000506,0.000138,0.010603,0.005026,1.034362,0.000000
