stage,tx_count,alloc_calls_per_tx,free_calls_per_tx,alloc_bytes_per_tx,free_bytes_per_tx,alloc_le_16_per_tx,alloc_le_32_per_tx,alloc_le_64_per_tx,alloc_le_128_per_tx,alloc_le_256_per_tx,alloc_le_1024_per_tx,alloc_le_4096_per_tx,alloc_gt_4096_per_tx
admission,82114,70.172236,53.126373,4866.254086,3874.363129,32.000000,10.867404,21.132596,0.000183,0.022980,6.126775,0.018974,0.003325
catalog_publication,82114,36.965390,82.983048,4697.782985,42019.834742,0.000000,2.381738,15.182076,15.136213,1.273668,2.947317,0.000999,0.043379
dirty_tracking,82114,0.103685,47.079792,426.257739,67999.884612,0.000000,0.000000,0.000000,0.000000,0.000024,0.000000,0.000000,0.103661
harness,82114,166.059028,166.083786,7980.202572,8193.029715,128.005797,0.000073,32.005066,1.022968,1.000049,1.004043,3.020995,0.000037
job_result_collection,82114,7.037984,1.624522,6052.957303,4572.201476,0.000000,0.000000,0.000037,3.972526,0.993302,0.005224,2.023406,0.043488
leaf_job_construction,82114,15.702511,8.362252,2926.914436,6566.005699,15.145761,0.033076,0.069452,0.046557,0.027145,0.118944,0.106912,0.154663
leaf_lane_execution,82114,92.487298,16.827143,103490.435017,5016.597292,0.000000,4.894963,10.233919,30.266434,0.844180,15.009487,15.258640,15.979675
other_storage,82114,1.674891,98.425031,1189.278613,9236.589498,0.000000,0.000000,0.000000,1.296612,0.137906,0.003958,0.110785,0.125630
packed_leaf_mutation_cow,82114,0.470407,0.110895,719.638490,5.425396,0.000000,0.037070,0.183903,0.013920,0.007063,0.102687,0.118750,0.007015
page_delta_generation,82114,32.174928,16.087464,2745.045412,1032.103466,0.000000,0.000000,16.185011,15.971613,0.017086,0.000012,0.001206,0.000000
planner,82114,103.457559,34.114658,9765.820067,3991.727610,0.000183,12.983218,52.268602,33.045656,0.001254,5.027681,0.019656,0.111309
state_install,82114,0.000024,1.410990,0.004676,284.110383,0.000000,0.000000,0.000000,0.000000,0.000024,0.000000,0.000000,0.000000
wal_append,82114,0.388411,0.496200,3889.462796,4414.368208,0.000000,0.000365,0.000037,0.153214,0.023187,0.055557,0.065714,0.090338
wal_preparation,82114,1.053012,1.016051,1225.434847,1182.574043,0.000183,0.000000,0.000317,0.000097,0.012434,0.006406,1.033575,0.000000
