sync_mode,writers,width,distribution,runs,tx_per_second_median,tx_per_second_min,tx_per_second_max,p50_us_median,p95_us_median,p99_us_median
disabled,64,1,uniform,3,70994.871,64626.166,74041.425,907.721,1536.482,2646.123
disabled,64,16,different-leaf-heavy,3,19296.962,19269.112,19541.056,3759.165,4930.485,6568.328
disabled,64,16,same-leaf-heavy,3,24323.438,23435.228,24545.802,2662.084,3680.604,5244.046
disabled,64,16,uniform,3,6203.620,6129.042,6297.345,11165.973,16273.219,23484.628
real,16,1,uniform,3,8692.219,7963.602,8938.152,1727.322,2609.923,3067.364
real,16,16,uniform,3,3361.063,3288.677,3411.555,4516.245,6802.369,9628.331
real,64,1,uniform,3,25627.605,25513.755,25905.802,2599.683,3021.804,4667.526
real,64,16,different-leaf-heavy,3,10369.516,10132.345,10663.570,5308.806,9776.532,11403.174
real,64,16,same-leaf-heavy,3,16372.735,16335.854,16726.652,2984.964,5538.087,6301.808
real,64,16,uniform,3,4994.301,4830.246,5088.679,10180.533,18999.623,23577.189
